"stateMod_node","structure_name","structure_aka","structure_type","ciu_code","source","Latitude","Longitude","below_8700_ft","WQCD_aql_tier","WFET_warm_fish","WFET_trout","WFET_unconfined_riparian","WFET_confined_riparian","recreation_segment","rec_seg_start","rec_seg_end","ISF_Type","ISF_Name","ISF_Comment","ISF_Case_Number","ISF_Status","ISF_ID","ISF_FlowRate","Riverscape_ID","Riverscape_Segment","Riverscape_Valley_Con","Riverscape_Confinment","Riverscape_Maximum_FP","Riverscape_Active_FP","T.E_Fish_Segment","WDID","pctNatural_annualVol","pctNatural_7day_min","pctNatural_1day_max","pctNatural_peakQ_var","pctNatural_flowReversal_var","isf_deficitVol_wet","isf_deficitVol_avg","isf_deficitVol_dry","isf_deficitDays_wet","isf_deficitDays_avg","isf_deficitDays_dry","TE_deficitVol_wet","TE_deficitVol_avg","TE_deficitVol_dry","TE_deficitDays_wet","TE_deficitDays_avg","TE_deficitDays_dry","WFET_troutRisk","WFET_warmFishRisk","WFET_unconfinedRiparianAbundance_risk","WFET_unconfinedRiparianRecruitment_risk","WFET_confinedRiparianRisk","optimal_boatableDays_wet","acceptable_boatableDays_wet","optimal_boatableDays_avg","acceptable_boatableDays_avg","optimal_boatableDays_dry","acceptable_boatableDays_dry","total_boatable_days_wet","total_boatable_days_avg","total_boatable_days_dry"
"5800539","BIG MESA DITCH","","DITCH","Active Structure with contemporary diversion records (A)","BEAR RIVER",40.068451,-107.001326,NA,"C1",NA,TRUE,NA,TRUE,"","","","Appropriated","Bear River","Verified","6-77W1315","Decreed","6-77W1315","12 (1/1-12/31)",NA,"","","",NA,NA,"",5800539,0.711926279647973,0.740740740740741,0.665551839464883,1.51946952595937,1.39469026548673,0,28,114,0,11,25,NA,NA,NA,NA,NA,NA,"minimal",NA,NA,NA,NA,NA,NA,NA,NA,NA,NA,NA,NA,NA
"5704629","RICH DITCH","","DITCH","Active Structure with contemporary diversion records (A)","TROUT CREEK",40.1898,-107.114167,NA,"C1",NA,TRUE,NA,TRUE,"","","","Appropriated","Trout Creek","Verified","6-77W1338","Decreed","6-77W1338","5 (1/1-12/31)",NA,"","","",NA,NA,"",5704629,0.954921541400874,0.666666666666667,0.991803278688525,1.0429003021148,0.942928039702233,0,0,73,0,4,128,NA,NA,NA,NA,NA,NA,"moderate",NA,NA,NA,NA,NA,NA,NA,NA,NA,NA,NA,NA,NA
"4400514","WOOLEY & JOHNSON D","","DITCH","Active Structure with contemporary diversion records (A)","YAMPA RIVER",40.497979,-107.583803,TRUE,"W1",TRUE,NA,TRUE,NA,"","","","","Yampa River","","6-02CW106","Decreed","","25 (7/1 - 8/15); 200 (8/16 - 10/31)",23,"Yampa Lower Segment","Unconfined","Bedrock/Alluvial Fans",10.43,4.18,"Segment_13",4400514,0.891105893419225,1,0.948891952072951,1.06057995980477,0.674331550802139,NA,NA,NA,NA,NA,NA,14004,47293,84470,30,151,183,NA,"high","low","moderate",NA,NA,NA,NA,NA,NA,NA,NA,NA,NA
"4400516","YAMPA DITCH","","DITCH","Active Structure with contemporary diversion records (A)","YAMPA RIVER",40.508668,-107.499633,TRUE,"W1",TRUE,NA,TRUE,NA,"","","","Acquired","Yampa River","Fixed","6-02CW106","Decreed","03/6/ACQ-01","25 (7/1 - 8/15); 200 (8/16 - 10/31)",23,"Yampa Lower Segment","Unconfined","Bedrock/Alluvial Fans",10.43,4.18,"",4400516,0.878991357103929,0.714285714285714,0.953928571428571,1.06123595505618,0.857801184990125,2870,9536,15961,34,68,77,NA,NA,NA,NA,NA,NA,NA,"high","low","moderate",NA,NA,NA,NA,NA,NA,NA,NA,NA,NA
"4400581","CRAIG WATER SUPPLY PL","","PUMP","Active Structure with contemporary diversion records (A)","YAMPA RIVER",40.499396,-107.535325,TRUE,"W1",TRUE,NA,TRUE,NA,"","","","Acquired","Yampa River","Fixed","6-02CW106","Decreed","03/6/ACQ-01","25 (7/1 - 8/15); 200 (8/16 - 10/31)",23,"Yampa Lower Segment","Unconfined","Bedrock/Alluvial Fans",10.43,4.18,"",4400581,0.886318229363597,0.857142857142857,0.948255752306224,1.06258972150445,0.654010695187166,1257,6074,12178,23,55,75,NA,NA,NA,NA,NA,NA,NA,"high","low","moderate",NA,NA,NA,NA,NA,NA,NA,NA,NA,NA
"4400589","DEEP CUT IRR D","","DITCH","Active Structure with contemporary diversion records (A)","YAMPA RIVER",40.511035,-107.472104,TRUE,"W1",TRUE,NA,TRUE,NA,"","","","Acquired","Yampa River","Fixed","6-02CW106","Decreed","03/6/ACQ-01","25 (7/1 - 8/15); 200 (8/16 - 10/31)",23,"Yampa Lower Segment","Unconfined","Bedrock/Alluvial Fans",10.43,4.18,"",4400589,0.879644858193503,0.714285714285714,0.954404761904762,1.06067415730337,0.853851217906518,2822,9429,15885,34,68,77,NA,NA,NA,NA,NA,NA,NA,"high","low","moderate",NA,NA,NA,NA,NA,NA,NA,NA,NA,NA
"4400691","M DITCH","","DITCH","Active Structure with contemporary diversion records (A)","YAMPA RIVER",40.506913,-107.532209,TRUE,"W1",TRUE,NA,TRUE,NA,"","","","Acquired","Yampa River","Fixed","6-02CW106","Decreed","03/6/ACQ-01","25 (7/1 - 8/15); 200 (8/16 - 10/31)",23,"Yampa Lower Segment","Unconfined","Bedrock/Alluvial Fans",10.43,4.18,"",4400691,0.88129940781479,0.714285714285714,0.954285714285714,1.06011235955056,0.828176431863068,2605,8858,15185,32,66,77,NA,NA,NA,NA,NA,NA,NA,"high","low","moderate",NA,NA,NA,NA,NA,NA,NA,NA,NA,NA
"4400821","MACK DITCH","","DITCH","Active Structure with contemporary diversion records (A)","YAMPA RIVER",40.499882,-107.586118,TRUE,"W1",TRUE,NA,TRUE,NA,"","","","","Yampa River","","6-02CW106","Decreed","","25 (7/1 - 8/15); 200 (8/16 - 10/31)",23,"Yampa Lower Segment","Unconfined","Bedrock/Alluvial Fans",10.43,4.18,"Segment_13",4400821,0.89071181495815,1,0.948891952072951,1.06086706861901,0.673262032085562,NA,NA,NA,NA,NA,NA,14101,47402,84534,30,151,183,NA,"high","low","moderate",NA,NA,NA,NA,NA,NA,NA,NA,NA,NA
"4400834","ROWLEY PUMP STATION","","PUMP","Active Structure with contemporary diversion records (A)","YAMPA RIVER",40.526805,-107.457869,TRUE,"W1",TRUE,NA,TRUE,NA,"","","","Acquired","Yampa River","Fixed","6-02CW106","Decreed","03/6/ACQ-01","25 (7/1 - 8/15); 200 (8/16 - 10/31)",23,"Yampa Lower Segment","Unconfined","Bedrock/Alluvial Fans",10.43,4.18,"",4400834,0.886326588439413,0.857142857142857,0.954642857142857,1.05814606741573,0.841342988808427,1832,7492,13492,29,66,77,NA,NA,NA,NA,NA,NA,NA,"high","low","moderate",NA,NA,NA,NA,NA,NA,NA,NA,NA,NA
"4402001","ASHBAUGH PUMP NO 1","","PUMP","Active Structure with contemporary diversion records (A)","YAMPA RIVER",40.508203,-107.484876,TRUE,"W1",TRUE,NA,TRUE,NA,"","","","Acquired","Yampa River","Fixed","6-02CW106","Decreed","03/6/ACQ-01","25 (7/1 - 8/15); 200 (8/16 - 10/31)",23,"Yampa Lower Segment","Unconfined","Bedrock/Alluvial Fans",10.43,4.18,"",4402001,0.879419957232745,0.714285714285714,0.954285714285714,1.06067415730337,0.859117840684661,2859,9473,15904,34,68,77,NA,NA,NA,NA,NA,NA,NA,"high","low","moderate",NA,NA,NA,NA,NA,NA,NA,NA,NA,NA
"4402207","BROCK D VANTASSEL TRANS","","DITCH","Active Structure with contemporary diversion records (A)","YAMPA RIVER",40.520974,-107.43844,TRUE,"W1",TRUE,NA,TRUE,NA,"","","","Acquired","Yampa River","Fixed","6-02CW106","Decreed","03/6/ACQ-01","25 (7/1 - 8/15); 200 (8/16 - 10/31)",22,"Yampa Lower Segment","Partly Confined","Bedrock",0.85,0.41,"",4402207,0.886533453152909,0.857142857142857,0.954880952380952,1.05786516853933,0.838709677419355,1803,7389,13478,28,66,77,NA,NA,NA,NA,NA,NA,NA,"high","low","moderate",NA,NA,NA,NA,NA,NA,NA,NA,NA,NA
"5700510","CARY DITCH CO DITCH","","DITCH","Active Structure with contemporary diversion records (A)","YAMPA RIVER",40.492247,-107.297018,TRUE,"",NA,NA,TRUE,NA,"","","","","","","","","","",19,"Yampa Middle Segment","Partly Confined","Bedrock/Alluvial Fans",3,1.33,"",5700510,0.879726315001794,0.428571428571428,0.9179991799918,1.0649052268811,0.760652288269332,NA,NA,NA,NA,NA,NA,NA,NA,NA,NA,NA,NA,NA,NA,"low","moderate",NA,NA,NA,NA,NA,NA,NA,NA,NA,NA
"5700535","ERWIN IRRIGATION DITCH","","DITCH","Active Structure with contemporary diversion records (A)","YAMPA RIVER",40.514021,-107.23771,TRUE,"",NA,NA,TRUE,NA,"","","","","","","","","","",17,"Yampa Middle Segment","Unconfined","Bedrock/Alluvial Fans",7.9,3.01,"",5700535,0.877562026536145,0.285714285714286,0.917452507858412,1.06404365307295,0.762230405049974,NA,NA,NA,NA,NA,NA,NA,NA,NA,NA,NA,NA,NA,NA,"low","moderate",NA,NA,NA,NA,NA,NA,NA,NA,NA,NA
"5700592","SHELTON DITCH","","DITCH","Active Structure with contemporary diversion records (A)","YAMPA RIVER",40.511511,-107.211862,TRUE,"",NA,NA,TRUE,NA,"","","","","","","","","","",17,"Yampa Middle Segment","Unconfined","Bedrock/Alluvial Fans",7.9,3.01,"",5700592,0.876421040556139,0.285714285714286,0.917315839825065,1.06433084434233,0.734876380852183,NA,NA,NA,NA,NA,NA,NA,NA,NA,NA,NA,NA,NA,NA,"low","moderate",NA,NA,NA,NA,NA,NA,NA,NA,NA,NA
"5700611","WALKER IRRIG DITCH","","DITCH","Active Structure with contemporary diversion records (A)","YAMPA RIVER",40.505227,-107.188489,TRUE,"",NA,NA,TRUE,NA,"","","","","","","","","","",17,"Yampa Middle Segment","Unconfined","Bedrock/Alluvial Fans",7.9,3.01,"",5700611,0.875963245170156,0.285714285714286,0.919092524258576,1.06576680068926,0.773803261441347,NA,NA,NA,NA,NA,NA,NA,NA,NA,NA,NA,NA,NA,NA,"low","moderate",NA,NA,NA,NA,NA,NA,NA,NA,NA,NA
"5700622","WILLIAMS IRRIG DITCH","","DITCH","Active Structure with contemporary diversion records (A)","YAMPA RIVER",40.493011,-107.16178,TRUE,"",NA,NA,TRUE,NA,"","","","","","","","","","",17,"Yampa Middle Segment","Unconfined","Bedrock/Alluvial Fans",7.9,3.01,"",5700622,0.87829491121077,0.428571428571428,0.919502528358617,1.0649052268811,0.77643345607575,NA,NA,NA,NA,NA,NA,NA,NA,NA,NA,NA,NA,NA,NA,"low","moderate",NA,NA,NA,NA,NA,NA,NA,NA,NA,NA
"5700519","DENNIS & BLEWITT D","","DITCH","Active Structure with contemporary diversion records (A)","YAMPA RIVER",40.484908,-107.043755,TRUE,"",NA,NA,TRUE,NA,"Lower Town Section","13th St Bridge","Pump Station","","","","","","","",14,"Yampa Middle Segment","Unconfined","Bedrock/Alluvial Fans",2.89,1.4,"",5700519,0.902981648735095,0.769230769230769,0.943939021391689,1.04860088365243,0.823779193205945,NA,NA,NA,NA,NA,NA,NA,NA,NA,NA,NA,NA,NA,NA,"low","moderate",NA,18,92,12,117,18,167,110,129,185
"5700539","GIBRALTAR DITCH","","DITCH","Active Structure with contemporary diversion records (A)","YAMPA RIVER",40.486665,-107.152327,TRUE,"",NA,NA,NA,TRUE,"Lower Town Section","13th St Bridge","Pump Station","","","","","","","",16,"Yampa Middle Segment","Confined/Canyon","Bedrock",0.76,0.53,"",5700539,0.89003131512661,0.615384615384615,0.941726088025572,1.05567010309278,0.887473460721868,NA,NA,NA,NA,NA,NA,NA,NA,NA,NA,NA,NA,NA,NA,NA,NA,"low",18,90,12,112,15,170,108,124,185
"5700563","MARSHALL ROBERTS DITCH","","DITCH","Active Structure with contemporary diversion records (A)","YAMPA RIVER",40.478473,-107.145294,TRUE,"",NA,NA,NA,TRUE,"Lower Town Section","13th St Bridge","Pump Station","","","","","","","",16,"Yampa Middle Segment","Confined/Canyon","Bedrock",0.76,0.53,"",5700563,0.898881830390046,0.769230769230769,0.943570199164003,1.05036818851252,0.885350318471338,NA,NA,NA,NA,NA,NA,NA,NA,NA,NA,NA,NA,NA,NA,NA,NA,"low",18,92,12,111,18,167,110,123,185
"5700584","SADDLE MOUNTAIN DITCH","","DITCH","Active Structure with contemporary diversion records (A)","YAMPA RIVER",40.482569,-106.986219,TRUE,"",NA,NA,TRUE,NA,"Lower Town Section","13th St Bridge","Pump Station","","","","","","","",14,"Yampa Middle Segment","Unconfined","Bedrock/Alluvial Fans",2.89,1.4,"",5700584,0.90726618490913,0.846153846153846,0.945258288357749,1.04337562702862,0.932275132275132,NA,NA,NA,NA,NA,NA,NA,NA,NA,NA,NA,NA,NA,NA,"low","low",NA,18,92,12,123,21,164,110,135,185
"5700675","UTTERBACK LATERAL TO THE COLORADO UTILITIES DITCH","UTTERBACK ENL COLO UTE D","DITCH","Active Structure with contemporary diversion records (A)","YAMPA RIVER",40.480248,-107.033669,TRUE,"",NA,NA,TRUE,NA,"Lower Town Section","13th St Bridge","Pump Station","","","","","","","",14,"Yampa Middle Segment","Unconfined","Bedrock/Alluvial Fans",2.89,1.4,"",5700675,0.901018303272374,0.769230769230769,0.943447258421441,1.04948453608247,0.86624203821656,NA,NA,NA,NA,NA,NA,NA,NA,NA,NA,NA,NA,NA,NA,"low","moderate",NA,18,92,12,117,18,167,110,129,185
"5800559","BROOKS DITCH","","DITCH","Active Structure with contemporary diversion records (A)","YAMPA RIVER",40.495312,-106.941378,TRUE,"",NA,NA,TRUE,NA,"Lower Town Section","13th St Bridge","Pump Station","","","","","","","",NA,"","","",NA,NA,"",5800559,0.861751035385057,0.615384615384615,0.909875876956287,1.07217444717445,0.859022556390977,NA,NA,NA,NA,NA,NA,NA,NA,NA,NA,NA,NA,NA,NA,"low","moderate",NA,30,169,60,125,33,117,199,185,150
"5800618","DUQUETTE DITCH","","DITCH","Active Structure with contemporary diversion records (A)","YAMPA RIVER",40.502732,-106.902589,TRUE,"",NA,NA,TRUE,NA,"Lower Town Section","13th St Bridge","Pump Station","","","","","","","",NA,"","","",NA,NA,"",5800618,0.852819900628181,0.461538461538462,0.908796546141392,1.07309582309582,0.910714285714286,NA,NA,NA,NA,NA,NA,NA,NA,NA,NA,NA,NA,NA,NA,"low","moderate",NA,30,169,54,131,33,117,199,185,150
"5800944","WOOLERY DITCH","","DITCH","Active Structure with contemporary diversion records (A)","YAMPA RIVER",40.496948,-106.859438,TRUE,"",NA,NA,NA,TRUE,"Lower Town Section","13th St Bridge","Pump Station","","","","","","","",NA,"","","",NA,NA,"",5800944,0.853590894898201,0.538461538461539,0.909066378845116,1.07248157248157,0.931390977443609,NA,NA,NA,NA,NA,NA,NA,NA,NA,NA,NA,NA,NA,NA,NA,NA,"moderate",30,169,54,131,33,117,199,185,150
"5800612","DEVER DITCH","","DITCH","Active Structure with contemporary diversion records (A)","YAMPA RIVER",40.436321,-106.826159,TRUE,"",NA,NA,TRUE,NA,"","","","","","","","","","",NA,"","","",NA,NA,"",5800612,0.832352055090828,0.777777777777778,0.833948339483395,1.11287386215865,0.961085972850679,NA,NA,NA,NA,NA,NA,NA,NA,NA,NA,NA,NA,NA,NA,"moderate","moderate",NA,NA,NA,NA,NA,NA,NA,NA,NA,NA
"5800694","HOOVER JACQUES DITCH","MURPHY LARSON DITCH","DITCH","Active Structure with contemporary diversion records (A)","ELK RIVER",40.72693,-106.884144,TRUE,"C1",NA,TRUE,NA,TRUE,"Box Canyon to Clark","FSR 400","Clark","Appropriated","Elk River","Verified","6-77W1279","Decreed","6-77W1279","65 (1/1-12/31)",8,"Elk River Segment","Confined/Canyon","Pleistocene Terraces",0.42,0.11,"",5800694,0.971228412884558,1.09090909090909,0.994594594594595,1.00760662863352,0.935664335664336,547,2552,7280,120,180,236,NA,NA,NA,NA,NA,NA,"minimal",NA,NA,NA,"low",140,59,51,109,0,90,199,160,90
"5800717","KINNEY DITCH","","DITCH","Active Structure with contemporary diversion records (A)","ELK RIVER",40.727758,-106.883102,TRUE,"C1",NA,TRUE,NA,TRUE,"Box Canyon to Clark","FSR 400","Clark","Appropriated","Elk River","Verified","6-77W1279","Decreed","6-77W1279","65 (1/1-12/31)",8,"Elk River Segment","Confined/Canyon","Pleistocene Terraces",0.42,0.11,"",5800717,0.982352803801171,1.09090909090909,0.995945945945946,1.00380331431676,0.947785547785548,518,2265,6613,65,158,223,NA,NA,NA,NA,NA,NA,"minimal",NA,NA,NA,"low",142,57,60,105,0,90,199,165,90
"4400529","BEHRMAN DITCH 1","","DITCH","Active Structure with contemporary diversion records (A)","YAMPA RIVER",40.550486,-108.212621,TRUE,"W1",TRUE,NA,TRUE,NA,"","","","Acquired","Yampa River","Fixed","6-02CW106","Decreed","03/6/ACQ-01","25 (7/1 - 8/15); 200 (8/16 - 10/31)",33,"Yampa Lower Segment","Unconfined","Bedrock/Alluvial Fans",5.87,2.93,"Segment_13",4400529,0.870126390021951,0.714285714285714,0.908281998631075,1.07491021036429,0.68935427574171,1730,7284,12528,21,51,66,12845,41342,85031,23,107,182,NA,"high","low","moderate",NA,NA,NA,NA,NA,NA,NA,NA,NA,NA
"4400584","CROSS MTN PUMP NO 1","SEVENS RANCH PUMP","PUMP","Active Structure with contemporary diversion records (A)","YAMPA RIVER",40.518218,-108.275328,TRUE,"W1",TRUE,NA,TRUE,NA,"","","","Acquired","Yampa River","Fixed","6-02CW106","Decreed","03/6/ACQ-01","25 (7/1 - 8/15); 200 (8/16 - 10/31)",33,"Yampa Lower Segment","Unconfined","Bedrock/Alluvial Fans",5.87,2.93,"Segment_13",4400584,0.86712636713288,0.571428571428571,0.90562970568104,1.07644946126219,0.69109947643979,2107,8099,13691,23,51,66,13635,42908,87178,30,112,182,NA,"high","low","moderate",NA,NA,NA,NA,NA,NA,NA,NA,NA,NA
"4400674","JUNIPER DITCH","","DITCH","Active Structure with contemporary diversion records (A)","YAMPA RIVER",40.503972,-108.030856,TRUE,"W1",TRUE,NA,TRUE,NA,"","","","Acquired","Yampa River","Fixed","6-02CW106","Decreed","03/6/ACQ-01","25 (7/1 - 8/15); 200 (8/16 - 10/31)",31,"Yampa Lower Segment","Unconfined","Bedrock/Alluvial Fans",8.72,4.17,"Segment_13",4400674,0.861024901862436,0.428571428571428,0.907169746748802,1.07773217034377,0.699243746364165,2982,10236,16729,27,55,70,14719,47330,93341,41,123,183,NA,"high","low","moderate",NA,NA,NA,NA,NA,NA,NA,NA,NA,NA
"4400702","MCINTYRE DITCH","","DITCH","Active Structure with contemporary diversion records (A)","YAMPA RIVER",40.51909,-108.060052,TRUE,"W1",TRUE,NA,TRUE,NA,"","","","Acquired","Yampa River","Fixed","6-02CW106","Decreed","03/6/ACQ-01","25 (7/1 - 8/15); 200 (8/16 - 10/31)",31,"Yampa Lower Segment","Unconfined","Bedrock/Alluvial Fans",8.72,4.17,"Segment_13",4400702,0.86161969609424,0.571428571428571,0.9072553045859,1.07773217034377,0.734147760325771,2999,10026,16290,25,54,69,14602,46793,92485,41,123,182,NA,"high","low","moderate",NA,NA,NA,NA,NA,NA,NA,NA,NA,NA
"4400711","MOCK DITCH","","DITCH","Active Structure with contemporary diversion records (A)","YAMPA RIVER",40.536882,-108.1095,TRUE,"W1",TRUE,NA,TRUE,NA,"","","","Acquired","Yampa River","Fixed","6-02CW106","Decreed","03/6/ACQ-01","25 (7/1 - 8/15); 200 (8/16 - 10/31)",31,"Yampa Lower Segment","Unconfined","Bedrock/Alluvial Fans",8.72,4.17,"Segment_13",4400711,0.863923666072355,0.571428571428571,0.907340862422998,1.07696254489482,0.683536940081443,2556,9261,15284,25,52,69,14077,45371,90672,37,119,182,NA,"high","low","moderate",NA,NA,NA,NA,NA,NA,NA,NA,NA,NA
"4400719","MYERS DITCH NO 2","","PUMP","Active Structure with contemporary diversion records (A)","YAMPA RIVER",40.530124,-108.072252,TRUE,"W1",TRUE,NA,TRUE,NA,"","","","Acquired","Yampa River","Fixed","6-02CW106","Decreed","03/6/ACQ-01","25 (7/1 - 8/15); 200 (8/16 - 10/31)",31,"Yampa Lower Segment","Unconfined","Bedrock/Alluvial Fans",8.72,4.17,"Segment_13",4400719,0.862744691276546,0.571428571428571,0.907426420260096,1.07721908671113,0.713787085514834,2751,9693,15927,25,54,69,14293,46160,91799,39,121,182,NA,"high","low","moderate",NA,NA,NA,NA,NA,NA,NA,NA,NA,NA
"4400720","MYERS DITCH NO 1","","DITCH","Active Structure with contemporary diversion records (A)","YAMPA RIVER",40.525539,-108.069918,TRUE,"W1",TRUE,NA,TRUE,NA,"","","","Acquired","Yampa River","Fixed","6-02CW106","Decreed","03/6/ACQ-01","25 (7/1 - 8/15); 200 (8/16 - 10/31)",31,"Yampa Lower Segment","Unconfined","Bedrock/Alluvial Fans",8.72,4.17,"Segment_13",4400720,0.861787477812476,0.571428571428571,0.907169746748802,1.07747562852745,0.744037230948226,2950,9971,16210,25,54,69,14586,46708,92368,40,123,182,NA,"high","low","moderate",NA,NA,NA,NA,NA,NA,NA,NA,NA,NA
"4400723","NICHOLS DITCH NO 1","","DITCH","Active Structure with contemporary diversion records (A)","YAMPA RIVER",40.552758,-108.156712,TRUE,"W1",TRUE,NA,TRUE,NA,"","","","Acquired","Yampa River","Fixed","6-02CW106","Decreed","03/6/ACQ-01","25 (7/1 - 8/15); 200 (8/16 - 10/31)",32,"Yampa Lower Segment","Partly Confined","Bedrock/Alluvial Fans",2,0.69,"Segment_13",4400723,0.871268431397995,0.714285714285714,0.909052019164955,1.07414058491534,0.66433973240256,1619,7071,12410,21,51,66,12577,40770,84457,21,105,182,NA,"high","low","moderate",NA,NA,NA,NA,NA,NA,NA,NA,NA,NA
"4400730","PEARCE DITCH","","DITCH","Active Structure with contemporary diversion records (A)","YAMPA RIVER",40.536939,-108.08993,TRUE,"W1",TRUE,NA,TRUE,NA,"","","","Acquired","Yampa River","Fixed","6-02CW106","Decreed","03/6/ACQ-01","25 (7/1 - 8/15); 200 (8/16 - 10/31)",31,"Yampa Lower Segment","Unconfined","Bedrock/Alluvial Fans",8.72,4.17,"Segment_13",4400730,0.862625099898468,0.571428571428571,0.9072553045859,1.07721908671113,0.734147760325771,2775,9689,15895,25,54,69,14346,46150,91738,39,120,182,NA,"high","low","moderate",NA,NA,NA,NA,NA,NA,NA,NA,NA,NA
"4400778","SUNBEAM DITCH","","DITCH","Active Structure with contemporary diversion records (A)","YAMPA RIVER",40.549953,-108.18212,TRUE,"W1",TRUE,NA,TRUE,NA,"","","","Acquired","Yampa River","Fixed","6-02CW106","Decreed","03/6/ACQ-01","25 (7/1 - 8/15); 200 (8/16 - 10/31)",32,"Yampa Lower Segment","Partly Confined","Bedrock/Alluvial Fans",2,0.69,"Segment_13",4400778,0.87063391631852,0.714285714285714,0.908709787816564,1.07439712673166,0.659104130308319,1722,7226,12631,21,51,66,12775,41133,84917,22,106,182,NA,"high","low","moderate",NA,NA,NA,NA,NA,NA,NA,NA,NA,NA
"4400786","TISDEL D NO 2","","DITCH","Active Structure with contemporary diversion records (A)","YAMPA RIVER",40.536587,-108.240702,TRUE,"W1",TRUE,NA,TRUE,NA,"","","","Acquired","Yampa River","Fixed","6-02CW106","Decreed","03/6/ACQ-01","25 (7/1 - 8/15); 200 (8/16 - 10/31)",33,"Yampa Lower Segment","Unconfined","Bedrock/Alluvial Fans",5.87,2.93,"Segment_13",4400786,0.869262072953314,0.714285714285714,0.9072553045859,1.07542329399692,0.701570680628272,1784,7510,12921,21,51,66,13049,41873,85804,25,106,182,NA,"high","low","moderate",NA,NA,NA,NA,NA,NA,NA,NA,NA,NA
"4400801","CROSS MOUNTAIN PUMP DITCH","CROSS MTN PUMP - GUESS","PUMP","Active Structure with contemporary diversion records (A)","YAMPA RIVER",40.547178,-108.197456,TRUE,"W1",TRUE,NA,TRUE,NA,"","","","Acquired","Yampa River","Fixed","6-02CW106","Decreed","03/6/ACQ-01","25 (7/1 - 8/15); 200 (8/16 - 10/31)",33,"Yampa Lower Segment","Unconfined","Bedrock/Alluvial Fans",5.87,2.93,"Segment_13",4400801,0.870646995787928,0.714285714285714,0.908538672142368,1.07465366854797,0.674810936591041,1687,7165,12478,21,51,66,12753,41070,84754,22,105,182,NA,"high","low","moderate",NA,NA,NA,NA,NA,NA,NA,NA,NA,NA
"4400833","RICHARDSON DITCH","","DITCH","Active Structure with contemporary diversion records (A)","YAMPA RIVER",40.525494,-108.247981,TRUE,"W1",TRUE,NA,TRUE,NA,"","","","Acquired","Yampa River","Fixed","6-02CW106","Decreed","03/6/ACQ-01","25 (7/1 - 8/15); 200 (8/16 - 10/31)",33,"Yampa Lower Segment","Unconfined","Bedrock/Alluvial Fans",5.87,2.93,"Segment_13",4400833,0.869224067445892,0.714285714285714,0.9072553045859,1.07542329399692,0.661431064572426,1776,7468,12824,22,51,66,13154,41873,85757,25,106,182,NA,"high","low","moderate",NA,NA,NA,NA,NA,NA,NA,NA,NA,NA
"4400851","MORGAN DITCH","","DITCH","Active Structure with contemporary diversion records (A)","YAMPA RIVER",40.490334,-108.335066,TRUE,"W1",TRUE,NA,TRUE,NA,"","","","Acquired","Yampa River","Fixed","6-02CW106","Decreed","03/6/ACQ-01","25 (7/1 - 8/15); 200 (8/16 - 10/31)",34,"Yampa Lower Segment","Unconfined","Bedrock/Alluvial Fans",1.27,0.62,"Segment_1",4400851,0.868771700059249,0.714285714285714,0.906741957563313,1.07593637762955,0.723094822571262,1868,7611,12889,22,51,66,0,180,2009,0,12,63,NA,"high","low","moderate",NA,NA,NA,NA,NA,NA,NA,NA,NA,NA
"4400861","CROSS MTN PUMP NO 2","SUN BEAM PUMP","PUMP","Active Structure with contemporary diversion records (A)","YAMPA RIVER",40.522202,-108.260899,TRUE,"W1",TRUE,NA,TRUE,NA,"","","","Acquired","Yampa River","Fixed","6-02CW106","Decreed","03/6/ACQ-01","25 (7/1 - 8/15); 200 (8/16 - 10/31)",33,"Yampa Lower Segment","Unconfined","Bedrock/Alluvial Fans",5.87,2.93,"Segment_13",4400861,0.8688171029715,0.714285714285714,0.90562970568104,1.07567983581324,0.688190808609657,1845,7563,12906,22,52,66,13259,42022,85890,25,107,182,NA,"high","low","moderate",NA,NA,NA,NA,NA,NA,NA,NA,NA,NA
"4401122","VAUGHN PUMP","","PUMP","Active Structure with contemporary diversion records (A)","YAMPA RIVER",40.523368,-108.260129,TRUE,"W1",TRUE,NA,TRUE,NA,"","","","Acquired","Yampa River","Fixed","6-02CW106","Decreed","03/6/ACQ-01","25 (7/1 - 8/15); 200 (8/16 - 10/31)",33,"Yampa Lower Segment","Unconfined","Bedrock/Alluvial Fans",5.87,2.93,"Segment_13",4401122,0.8688171029715,0.714285714285714,0.90562970568104,1.07567983581324,0.688190808609657,1845,7563,12906,22,52,66,13259,42022,85890,25,107,182,NA,"high","low","moderate",NA,NA,NA,NA,NA,NA,NA,NA,NA,NA
"4401268","CHEW PUMP","","PUMP","Active Structure with contemporary diversion records (A)","YAMPA RIVER",40.544022,-108.121602,TRUE,"W1",TRUE,NA,TRUE,NA,"","","","Acquired","Yampa River","Fixed","6-02CW106","Decreed","03/6/ACQ-01","25 (7/1 - 8/15); 200 (8/16 - 10/31)",31,"Yampa Lower Segment","Unconfined","Bedrock/Alluvial Fans",8.72,4.17,"Segment_13",4401268,0.864025889630399,0.571428571428571,0.907511978097194,1.0767060030785,0.673647469458988,2556,9259,15298,25,52,69,14007,45300,90593,37,119,182,NA,"high","low","moderate",NA,NA,NA,NA,NA,NA,NA,NA,NA,NA
"4401397","SILVER WATER PUMP","","PUMP","Active Structure with contemporary diversion records (A)","YAMPA RIVER",40.549042,-108.201394,TRUE,"W1",TRUE,NA,TRUE,NA,"","","","Acquired","Yampa River","Fixed","6-02CW106","Decreed","03/6/ACQ-01","25 (7/1 - 8/15); 200 (8/16 - 10/31)",33,"Yampa Lower Segment","Unconfined","Bedrock/Alluvial Fans",5.87,2.93,"Segment_13",4401397,0.870448498758335,0.714285714285714,0.90845311430527,1.07465366854797,0.667248400232693,1717,7226,12526,21,51,66,12803,41195,84883,23,106,182,NA,"high","low","moderate",NA,NA,NA,NA,NA,NA,NA,NA,NA,NA
"4401707","HASKINS PUMP DIVERSION","","PUMP","Active Structure with contemporary diversion records (A)","YAMPA RIVER",40.537612,-108.105142,TRUE,"W1",TRUE,NA,TRUE,NA,"","","","Acquired","Yampa River","Fixed","6-02CW106","Decreed","03/6/ACQ-01","25 (7/1 - 8/15); 200 (8/16 - 10/31)",31,"Yampa Lower Segment","Unconfined","Bedrock/Alluvial Fans",8.72,4.17,"Segment_13",4401707,0.862850827954536,0.571428571428571,0.907340862422998,1.07721908671113,0.719604421175102,2752,9673,15855,25,54,69,14271,46093,91615,39,120,182,NA,"high","low","moderate",NA,NA,NA,NA,NA,NA,NA,NA,NA,NA
"4400501","W R DEAKINS DITCH","","DITCH","Active Structure with contemporary diversion records (A)","WILLIAMS FORK",40.348458,-107.440065,TRUE,"C2",NA,TRUE,TRUE,NA,"","","","Appropriated","Williams Fork River","Fixed","6-92CW076","Decreed","6-92CW076","30 (5/1-9/30), 14 (10/1-4/30)",NA,"","","",NA,NA,"",4400501,0.929804300873524,0.8,0.973148901545972,1.0341057016402,0.978966346153846,2,153,913,1,18,57,NA,NA,NA,NA,NA,NA,"moderate",NA,"low","low",NA,NA,NA,NA,NA,NA,NA,NA,NA,NA
"4400731","PECK IRRIG D","","DITCH","Active Structure with contemporary diversion records (A)","WILLIAMS FORK",40.351935,-107.455379,TRUE,"C2",NA,TRUE,TRUE,NA,"","","","Appropriated","Williams Fork River","Fixed","6-92CW076","Decreed","6-92CW076","30 (5/1-9/30), 14 (10/1-4/30)",NA,"","","",NA,NA,"",4400731,0.923763172678681,0.6,0.971521562245728,1.03462639937516,0.9921875,4,196,1211,1,23,65,NA,NA,NA,NA,NA,NA,"moderate",NA,"low","low",NA,NA,NA,NA,NA,NA,NA,NA,NA,NA
"4400765","SOUTH SIDE DITCH","","DITCH","Active Structure with contemporary diversion records (A)","WILLIAMS FORK",40.357261,-107.489826,TRUE,"C2",NA,TRUE,TRUE,NA,"","","","Appropriated","Williams Fork River","Fixed","6-92CW076","Decreed","6-92CW076","30 (5/1-9/30), 14 (10/1-4/30)",NA,"","","",NA,NA,"",4400765,0.926122474506493,0.7,0.970707892595606,1.03566779484509,0.975961538461538,2,180,1107,1,21,63,NA,NA,NA,NA,NA,NA,"moderate",NA,"low","low",NA,NA,NA,NA,NA,NA,NA,NA,NA,NA
"4400790","UTLEY DITCH","","DITCH","Active Structure with contemporary diversion records (A)","WILLIAMS FORK",40.365552,-107.521621,TRUE,"C2",NA,TRUE,TRUE,NA,"","","","Appropriated","Williams Fork River","Fixed","6-92CW076","Decreed","6-92CW076","30 (5/1-9/30), 14 (10/1-4/30)",NA,"","","",NA,NA,"",4400790,0.920214769910082,0.7,0.967408585055644,1.03849154746424,0.972336668628605,2,202,1129,1,25,63,NA,NA,NA,NA,NA,NA,"moderate",NA,"low","low",NA,NA,NA,NA,NA,NA,NA,NA,NA,NA
"5800500","ACTON D","","DITCH","Active Structure with contemporary diversion records (A)","BEAR RIVER",40.112302,-106.940132,TRUE,"C1",NA,TRUE,NA,TRUE,"","","","Appropriated","Bear River","Verified","6-77W1315","Decreed","6-77W1315","12 (1/1-12/31)",1,"Yampa Upper Segment","Confined/Canyon","Pleistocene Terraces",2.21,0.32,"",5800500,0.526714672122936,0.740740740740741,0.54180602006689,1.71839729119639,1.35575221238938,0,8,422,0,8,106,NA,NA,NA,NA,NA,NA,"minimal",NA,NA,NA,"very high",NA,NA,NA,NA,NA,NA,NA,NA,NA
"5800541","BIRD DITCH","","DITCH","Active Structure with contemporary diversion records (A)","BEAR RIVER",40.146734,-106.905342,TRUE,"C1",NA,TRUE,NA,TRUE,"","","","Appropriated","Bear River","Verified","6-77W1315","Decreed","6-77W1315","12 (1/1-12/31)",1,"Yampa Upper Segment","Confined/Canyon","Pleistocene Terraces",2.21,0.32,"",5800541,0.378958249217533,0,0.454849498327759,1.78498871331828,1.52920353982301,670,2701,4238,69,188,204,NA,NA,NA,NA,NA,NA,"very high",NA,NA,NA,"very high",NA,NA,NA,NA,NA,NA,NA,NA,NA
"5800564","BUCKINGHAM MANDALL D","","DITCH","Active Structure with contemporary diversion records (A)","BEAR RIVER",40.095265,-106.96373,TRUE,"C1",NA,TRUE,NA,TRUE,"","","","Appropriated","Bear River","Verified","6-77W1315","Decreed","6-77W1315","12 (1/1-12/31)",1,"Yampa Upper Segment","Confined/Canyon","Pleistocene Terraces",2.21,0.32,"",5800564,0.675957098665177,0.851851851851852,0.642140468227425,1.57420993227991,1.37345132743363,0,14,70,0,8,21,NA,NA,NA,NA,NA,NA,"minimal",NA,NA,NA,"high",NA,NA,NA,NA,NA,NA,NA,NA,NA
"5800582","CHARLES & A LEIGHTON D","","DITCH","Active Structure with contemporary diversion records (A)","BEAR RIVER",40.103679,-106.95522,TRUE,"C1",NA,TRUE,NA,TRUE,"","","","Appropriated","Bear River","Verified","6-77W1315","Decreed","6-77W1315","12 (1/1-12/31)",1,"Yampa Upper Segment","Confined/Canyon","Pleistocene Terraces",2.21,0.32,"",5800582,0.559239785432611,0.777777777777778,0.551839464882943,1.68594808126411,1.4141592920354,0,14,212,0,8,66,NA,NA,NA,NA,NA,NA,"minimal",NA,NA,NA,"very high",NA,NA,NA,NA,NA,NA,NA,NA,NA
"5800643","FIX DITCH","","DITCH","Active Structure with contemporary diversion records (A)","BEAR RIVER",40.118549,-106.935557,TRUE,"C1",NA,TRUE,NA,TRUE,"","","","Appropriated","Bear River","Verified","6-77W1315","Decreed","6-77W1315","12 (1/1-12/31)",1,"Yampa Upper Segment","Confined/Canyon","Pleistocene Terraces",2.21,0.32,"",5800643,0.459465038690738,0.407407407407407,0.511705685618729,1.77059819413093,1.39557522123894,0,373,1468,1,80,138,NA,NA,NA,NA,NA,NA,"high",NA,NA,NA,"very high",NA,NA,NA,NA,NA,NA,NA,NA,NA
"5800684","HERNAGE & KOLBE DITCH","","DITCH","Active Structure with contemporary diversion records (A)","BEAR RIVER",40.129144,-106.915507,TRUE,"C1",NA,TRUE,NA,TRUE,"","","","Appropriated","Bear River","Verified","6-77W1315","Decreed","6-77W1315","12 (1/1-12/31)",1,"Yampa Upper Segment","Confined/Canyon","Pleistocene Terraces",2.21,0.32,"",5800684,0.43688203347227,0.333333333333333,0.498327759197324,1.78301354401806,1.45752212389381,26,611,1819,12,95,162,NA,NA,NA,NA,NA,NA,"high",NA,NA,NA,"very high",NA,NA,NA,NA,NA,NA,NA,NA,NA
"5800738","LINDSEY DITCH","","DITCH","Active Structure with contemporary diversion records (A)","BEAR RIVER",40.091443,-106.968629,TRUE,"C1",NA,TRUE,NA,TRUE,"","","","Appropriated","Bear River","Verified","6-77W1315","Decreed","6-77W1315","12 (1/1-12/31)",1,"Yampa Upper Segment","Confined/Canyon","Pleistocene Terraces",2.21,0.32,"",5800738,0.747798316368505,0.851851851851852,0.698996655518395,1.49125282167043,1.31504424778761,0,14,70,0,8,21,NA,NA,NA,NA,NA,NA,"minimal",NA,NA,NA,"high",NA,NA,NA,NA,NA,NA,NA,NA,NA
"5800763","MANDALL DITCH","","DITCH","Active Structure with contemporary diversion records (A)","BEAR RIVER",40.105413,-106.952278,TRUE,"C1",NA,TRUE,NA,TRUE,"","","","Appropriated","Bear River","Verified","6-77W1315","Decreed","6-77W1315","12 (1/1-12/31)",1,"Yampa Upper Segment","Confined/Canyon","Pleistocene Terraces",2.21,0.32,"",5800763,0.571466301566148,0.814814814814815,0.565217391304348,1.67748306997743,1.29734513274336,0,14,166,0,8,54,NA,NA,NA,NA,NA,NA,"minimal",NA,NA,NA,"very high",NA,NA,NA,NA,NA,NA,NA,NA,NA
"5800777","MILL DITCH 1","","DITCH","Active Structure with contemporary diversion records (A)","BEAR RIVER",40.12765,-106.918118,TRUE,"C1",NA,TRUE,NA,TRUE,"","","","Appropriated","Bear River","Verified","6-77W1315","Decreed","6-77W1315","12 (1/1-12/31)",1,"Yampa Upper Segment","Confined/Canyon","Pleistocene Terraces",2.21,0.32,"",5800777,0.458592258209449,0.407407407407407,0.511705685618729,1.7765237020316,1.4141592920354,1,397,1493,3,78,142,NA,NA,NA,NA,NA,NA,"high",NA,NA,NA,"very high",NA,NA,NA,NA,NA,NA,NA,NA,NA
"5800798","NICKELL DITCH","","DITCH","Active Structure with contemporary diversion records (A)","BEAR RIVER",40.148948,-106.904958,TRUE,"C1",NA,TRUE,NA,TRUE,"","","","Appropriated","Bear River","Verified","6-77W1315","Decreed","6-77W1315","12 (1/1-12/31)",1,"Yampa Upper Segment","Confined/Canyon","Pleistocene Terraces",2.21,0.32,"",5800798,0.587097420516261,0.62962962962963,0.545150501672241,1.70457110609481,1.32743362831858,0,12,78,0,7,16,NA,NA,NA,NA,NA,NA,"minimal",NA,NA,NA,"very high",NA,NA,NA,NA,NA,NA,NA,NA,NA
"5800821","PENNSYLVANIA DITCH","","DITCH","Active Structure with contemporary diversion records (A)","BEAR RIVER",40.135295,-106.905234,TRUE,"C1",NA,TRUE,NA,TRUE,"","","","Appropriated","Bear River","Verified","6-77W1315","Decreed","6-77W1315","12 (1/1-12/31)",1,"Yampa Upper Segment","Confined/Canyon","Pleistocene Terraces",2.21,0.32,"",5800821,0.412861596748096,0.222222222222222,0.478260869565217,1.78244920993228,1.51946902654867,156,1184,2680,35,164,204,NA,NA,NA,NA,NA,NA,"high",NA,NA,NA,"very high",NA,NA,NA,NA,NA,NA,NA,NA,NA
"5800945","WOOLEY DITCH","","DITCH","Active Structure with contemporary diversion records (A)","BEAR RIVER",40.11463,-106.938837,TRUE,"C1",NA,TRUE,NA,TRUE,"","","","Appropriated","Bear River","Verified","6-77W1315","Decreed","6-77W1315","12 (1/1-12/31)",1,"Yampa Upper Segment","Confined/Canyon","Pleistocene Terraces",2.21,0.32,"",5800945,0.494940908966719,0.62962962962963,0.531772575250836,1.74238148984199,1.36283185840708,0,18,830,0,34,126,NA,NA,NA,NA,NA,NA,"moderate",NA,NA,NA,"very high",NA,NA,NA,NA,NA,NA,NA,NA,NA
"5700517","DAVID M CHAPMAN DITCH","","DITCH","Active Structure with contemporary diversion records (A)","TROUT CREEK",40.231656,-107.100177,TRUE,"C1",NA,TRUE,NA,TRUE,"","","","Appropriated","Trout Creek","Verified","6-77W1338","Decreed","6-77W1338","5 (1/1-12/31)",NA,"","","",NA,NA,"",5700517,0.875014355365774,0.416666666666667,0.959016393442623,1.08489425981873,0.946650124069479,0,75,352,1,70,170,NA,NA,NA,NA,NA,NA,"high",NA,NA,NA,"low",NA,NA,NA,NA,NA,NA,NA,NA,NA
"5700561","MALE MOORE CO DITCH","","DITCH","Active Structure with contemporary diversion records (A)","TROUT CREEK",40.21492,-107.100059,TRUE,"C1",NA,TRUE,NA,TRUE,"","","","Appropriated","Trout Creek","Verified","6-77W1338","Decreed","6-77W1338","5 (1/1-12/31)",NA,"","","",NA,NA,"",5700561,0.895059666120292,0.5,0.971311475409836,1.07885196374622,0.903225806451613,0,16,216,0,41,166,NA,NA,NA,NA,NA,NA,"moderate",NA,NA,NA,"low",NA,NA,NA,NA,NA,NA,NA,NA,NA
"5700635","KOLL DITCH","","DITCH","Active Structure with contemporary diversion records (A)","TROUT CREEK",40.311701,-107.010656,TRUE,"C1",NA,TRUE,NA,TRUE,"","","","Appropriated","Trout Creek","Verified","6-77W1338","Decreed","6-77W1338","5 (1/1-12/31)",NA,"","","",NA,NA,"",5700635,0.873286491339799,0.5,0.930327868852459,1.10392749244713,0.91439205955335,0,77,367,0,74,126,NA,NA,NA,NA,NA,NA,"high",NA,NA,NA,"low",NA,NA,NA,NA,NA,NA,NA,NA,NA
"5700545","HOMESTEAD DITCH","","DITCH","Active Structure with contemporary diversion records (A)","TROUT CREEK",40.338845,-106.980784,TRUE,"C1",NA,TRUE,NA,TRUE,"","","","Appropriated","Trout Creek","Verified","6-77W1338","Decreed","6-77W1338","5 (1/1-12/31)",NA,"","","",NA,NA,"",5700545,0.857017946817284,0.5,0.913934426229508,1.11057401812689,1.05086848635236,0,89,380,2,69,108,NA,NA,NA,NA,NA,NA,"high",NA,NA,NA,"moderate",NA,NA,NA,NA,NA,NA,NA,NA,NA
"5700608","TROUT CREEK DITCH 3","","DITCH","Active Structure with contemporary diversion records (A)","TROUT CREEK",40.380452,-106.970917,TRUE,"C1",NA,TRUE,NA,TRUE,"","","","Appropriated","Trout Creek","Verified","6-77W1338","Decreed","6-77W1338","5 (1/1-12/31)",NA,"","","",NA,NA,"",5700608,0.844627961120449,0.416666666666667,0.901639344262295,1.11933534743202,1.06761786600496,0,157,432,7,79,116,NA,NA,NA,NA,NA,NA,"very high",NA,NA,NA,"moderate",NA,NA,NA,NA,NA,NA,NA,NA,NA
"5700609","TROUT CREEK DITCH 2","","DITCH","Active Structure with contemporary diversion records (A)","TROUT CREEK",40.39346,-106.959786,TRUE,"C1",NA,TRUE,NA,TRUE,"","","","Appropriated","Trout Creek","Verified","6-77W1338","Decreed","6-77W1338","5 (1/1-12/31)",NA,"","","",NA,NA,"",5700609,0.857834897633191,0.583333333333333,0.901639344262295,1.1178247734139,0.933002481389578,0,99,365,0,74,98,NA,NA,NA,NA,NA,NA,"high",NA,NA,NA,"moderate",NA,NA,NA,NA,NA,NA,NA,NA,NA
"4400635","GRIESER DITCH","","DITCH","Active Structure with contemporary diversion records (A)","EAST FORK WILLIAMS FORK",40.27917,-107.303878,TRUE,"C1",NA,TRUE,TRUE,NA,"","","","Appropriated","East Fork Williams Fork River","Fixed","6-92CW080","Decreed","6-92CW080","20 (5/1-9/30), 10 (10/1-4/30)",NA,"","","",NA,NA,"",4400635,0.978389513303771,1,0.989644970414201,1.0077519379845,0.969249692496925,0,0,24,0,0,9,NA,NA,NA,NA,NA,NA,"minimal",NA,"low","low",NA,NA,NA,NA,NA,NA,NA,NA,NA,NA
"5800749","LOWER PLEASANT VALLEY D","","DITCH","Active Structure with contemporary diversion records (A)","YAMPA RIVER",40.334762,-106.812316,TRUE,"C1",NA,TRUE,TRUE,NA,"","","","Appropriated","Yampa River","Verified","6-01CW106","Decreed","01/6/A-002","72.5 (4/1-8/14), 47.5 (8/15-3/31)",6,"Yampa Upper Segment","Partly Confined","Bedrock",1.3,0.23,"",5800749,0.76551525868914,1.0952380952381,0.793838862559242,1.14453231524407,1.30397422126745,0,97,1718,0,12,126,NA,NA,NA,NA,NA,NA,"minimal",NA,"moderate","high",NA,NA,NA,NA,NA,NA,NA,NA,NA,NA
"5800916","UPPER PLEASANT VALLEY D","","DITCH","Active Structure with contemporary diversion records (A)","YAMPA RIVER",40.314013,-106.812455,TRUE,"C1",NA,TRUE,NA,TRUE,"","","","Appropriated","Yampa River","Verified","6-01CW106","Decreed","01/6/A-002","72.5 (4/1-8/14), 47.5 (8/15-3/31)",5,"Yampa Upper Segment","Confined/Canyon","Bedrock",0.26,0.13,"",5800916,0.75500870240732,1.14285714285714,0.779574468085106,1.15796665755671,1.20785440613027,0,138,2164,0,19,153,NA,NA,NA,NA,NA,NA,"minimal",NA,NA,NA,"high",NA,NA,NA,NA,NA,NA,NA,NA,NA
"4400570","CARD DITCH","","DITCH","Active Structure with contemporary diversion records (A)","EAST FORK WILLIAMS FORK",40.318386,-107.350684,TRUE,"",NA,NA,TRUE,NA,"","","","","","","","","","",NA,"","","",NA,NA,"",4400570,0.928890491372919,0.818181818181818,0.961325966850829,1.02890345649583,0.974189675870348,NA,NA,NA,NA,NA,NA,NA,NA,NA,NA,NA,NA,NA,NA,"low","low",NA,NA,NA,NA,NA,NA,NA,NA,NA,NA
"4400601","DUNSTON DITCH","","DITCH","Active Structure with contemporary diversion records (A)","EAST FORK WILLIAMS FORK",40.31713,-107.363703,TRUE,"",NA,NA,TRUE,NA,"","","","","","","","","","",NA,"","","",NA,NA,"",4400601,0.930458314934026,0.818181818181818,0.964088397790055,1.02711561382598,0.990996398559424,NA,NA,NA,NA,NA,NA,NA,NA,NA,NA,NA,NA,NA,NA,"low","low",NA,NA,NA,NA,NA,NA,NA,NA,NA,NA
"4400652","HIGHLAND AKA HIGHLINE D","","DITCH","Active Structure with contemporary diversion records (A)","EAST FORK WILLIAMS FORK",40.320412,-107.40329,TRUE,"",NA,NA,TRUE,NA,"","","","","","","","","","",NA,"","","",NA,NA,"",4400652,0.930681218763401,0.833333333333333,0.96219035202086,1.03382910469525,0.959856201318155,NA,NA,NA,NA,NA,NA,NA,NA,NA,NA,NA,NA,NA,NA,"low","low",NA,NA,NA,NA,NA,NA,NA,NA,NA,NA
"4400661","J P MORIN DITCH","","DITCH","Active Structure with contemporary diversion records (A)","SOUTH FORK WILLIAMS FORK",40.311964,-107.41231,TRUE,"",NA,NA,TRUE,NA,"","","","","","","","","","",NA,"","","",NA,NA,"",4400661,0.955090856970541,0.4,0.966442953020134,1.02096608427544,1.06295081967213,NA,NA,NA,NA,NA,NA,NA,NA,NA,NA,NA,NA,NA,NA,"low","low",NA,NA,NA,NA,NA,NA,NA,NA,NA,NA
"4400740","RATCLIFF DITCH","","DITCH","Active Structure with contemporary diversion records (A)","EAST FORK WILLIAMS FORK",40.317329,-107.3908,TRUE,"",NA,NA,TRUE,NA,"","","","","","","","","","",NA,"","","",NA,NA,"",4400740,0.933843517434441,0.909090909090909,0.965469613259669,1.02860548271752,0.950180072028811,NA,NA,NA,NA,NA,NA,NA,NA,NA,NA,NA,NA,NA,NA,"low","low",NA,NA,NA,NA,NA,NA,NA,NA,NA,NA
"5800530","BAXTER DITCH","","DITCH","Active Structure with contemporary diversion records (A)","YAMPA RIVER",40.384801,-106.831964,TRUE,"",NA,NA,TRUE,NA,"","","","","","","","","","",NA,"","","",NA,NA,"",5800530,0.749656276090578,0.55,0.774856203779786,1.17184210526316,1.06660323501427,NA,NA,NA,NA,NA,NA,NA,NA,NA,NA,NA,NA,NA,NA,"moderate","high",NA,NA,NA,NA,NA,NA,NA,NA,NA,NA
"5800622","EGERIA DITCH","","DITCH","Active Structure with contemporary diversion records (A)","YAMPA RIVER",40.179999,-106.913789,TRUE,"",NA,NA,NA,TRUE,"","","","","","","","","","",2,"Yampa Upper Segment","Partly Confined","Pleistocene Terraces",1.16,0.17,"",5800622,0.643530614697034,1.03703703703704,0.597855227882037,1.54550593555681,1.22800378429517,NA,NA,NA,NA,NA,NA,NA,NA,NA,NA,NA,NA,NA,NA,NA,NA,"high",NA,NA,NA,NA,NA,NA,NA,NA,NA
"5800808","OAKTON DITCH","","DITCH","Active Structure with contemporary diversion records (A)","YAMPA RIVER",40.214989,-106.932765,TRUE,"",NA,NA,TRUE,NA,"","","","","","","","","","",3,"Yampa Upper Segment","Partly Confined","Bedrock/Alluvial Fans",1.54,0.26,"",5800808,0.674843246007991,1,0.597189695550351,1.45582839401637,1.48984995586937,NA,NA,NA,NA,NA,NA,NA,NA,NA,NA,NA,NA,NA,NA,"high","very high",NA,NA,NA,NA,NA,NA,NA,NA,NA,NA
"5800809","OLD CABIN DITCH","","DITCH","Active Structure with contemporary diversion records (A)","YAMPA RIVER",40.248829,-106.931975,TRUE,"",NA,NA,TRUE,NA,"","","","","","","","","","",4,"Yampa Upper Segment","Partly Confined","Bedrock",1.45,0.42,"",5800809,0.648105480365857,0.923076923076923,0.619047619047619,1.38163437236731,1.5299823633157,NA,NA,NA,NA,NA,NA,NA,NA,NA,NA,NA,NA,NA,NA,"high","very high",NA,NA,NA,NA,NA,NA,NA,NA,NA,NA
"5800850","SANDHOFER DITCH","","DITCH","Active Structure with contemporary diversion records (A)","YAMPA RIVER",40.365574,-106.800563,TRUE,"",NA,NA,NA,TRUE,"","","","","","","","","","",NA,"","","",NA,NA,"",5800850,0.777582341918676,0.75,0.787181594083813,1.16105263157895,1.23977164605138,NA,NA,NA,NA,NA,NA,NA,NA,NA,NA,NA,NA,NA,NA,NA,NA,"high",NA,NA,NA,NA,NA,NA,NA,NA,NA
"5800872","SOUTH SIDE DITCH","","DITCH","Active Structure with contemporary diversion records (A)","YAMPA RIVER",40.254247,-106.923617,TRUE,"",NA,NA,TRUE,NA,"","","","","","","","","","",4,"Yampa Upper Segment","Partly Confined","Bedrock",1.45,0.42,"",5800872,0.647196137860025,0.923076923076923,0.619047619047619,1.38107273237855,1.53350970017637,NA,NA,NA,NA,NA,NA,NA,NA,NA,NA,NA,NA,NA,NA,"high","very high",NA,NA,NA,NA,NA,NA,NA,NA,NA,NA
"5800879","STAFFORD DITCH","","DITCH","Active Structure with contemporary diversion records (A)","YAMPA RIVER",40.18876,-106.918429,TRUE,"",NA,NA,NA,TRUE,"","","","","","","","","","",3,"Yampa Upper Segment","Partly Confined","Bedrock/Alluvial Fans",1.54,0.26,"",5800879,0.636433677641166,0.962962962962963,0.577777777777778,1.50621820237422,1.32582322357019,NA,NA,NA,NA,NA,NA,NA,NA,NA,NA,NA,NA,NA,NA,NA,NA,"very high",NA,NA,NA,NA,NA,NA,NA,NA,NA
"5800897","SUTTLE DITCH","","DITCH","Active Structure with contemporary diversion records (A)","YAMPA RIVER",40.369968,-106.809961,TRUE,"",NA,NA,NA,TRUE,"","","","","","","","","","",NA,"","","",NA,NA,"",5800897,0.758402394861114,0.65,0.780608052588332,1.16921052631579,1.19505233111323,NA,NA,NA,NA,NA,NA,NA,NA,NA,NA,NA,NA,NA,NA,NA,NA,"high",NA,NA,NA,NA,NA,NA,NA,NA,NA
"5800914","UNION DITCH","","DITCH","Active Structure with contemporary diversion records (A)","YAMPA RIVER",40.264138,-106.888148,TRUE,"",NA,NA,TRUE,NA,"","","","","","","","","","",4,"Yampa Upper Segment","Partly Confined","Bedrock",1.45,0.42,"",5800914,0.6410746897426,0.923076923076923,0.615079365079365,1.39005897219882,1.37037037037037,NA,NA,NA,NA,NA,NA,NA,NA,NA,NA,NA,NA,NA,NA,"high","very high",NA,NA,NA,NA,NA,NA,NA,NA,NA,NA
"5800922","WEISKOPF DITCH","","DITCH","Active Structure with contemporary diversion records (A)","YAMPA RIVER",40.369899,-106.80804,TRUE,"",NA,NA,NA,TRUE,"","","","","","","","","","",NA,"","","",NA,NA,"",5800922,0.754147077571289,0.6,0.779786359901397,1.17052631578947,1.26070409134158,NA,NA,NA,NA,NA,NA,NA,NA,NA,NA,NA,NA,NA,NA,NA,NA,"high",NA,NA,NA,NA,NA,NA,NA,NA,NA
"5800933","WHIPPLE DITCH","","DITCH","Active Structure with contemporary diversion records (A)","YAMPA RIVER",40.207477,-106.929461,TRUE,"",NA,NA,TRUE,NA,"","","","","","","","","","",3,"Yampa Upper Segment","Partly Confined","Bedrock/Alluvial Fans",1.54,0.26,"",5800933,0.687674683535347,1.03703703703704,0.611241217798595,1.44736099350833,1.50132391879965,NA,NA,NA,NA,NA,NA,NA,NA,NA,NA,NA,NA,NA,NA,"high","very high",NA,NA,NA,NA,NA,NA,NA,NA,NA,NA
"5801035","NORTH SIDE DITCH","","DITCH","Active Structure with contemporary diversion records (A)","YAMPA RIVER",40.260595,-106.916224,TRUE,"",NA,NA,TRUE,NA,"","","","","","","","","","",4,"Yampa Upper Segment","Partly Confined","Bedrock",1.45,0.42,"",5801035,0.641968049355175,0.923076923076923,0.619047619047619,1.38163437236731,1.5679012345679,NA,NA,NA,NA,NA,NA,NA,NA,NA,NA,NA,NA,NA,NA,"high","very high",NA,NA,NA,NA,NA,NA,NA,NA,NA,NA
"5502034","HAYSTACK PUMP","","PUMP","Active Structure with contemporary diversion records (A)","YAMPA RIVER",40.476357,-108.88906,TRUE,"W1",TRUE,NA,TRUE,NA,"Yampa Canyon","Deerlodge Park","Green River","Acquired","Yampa River","Fixed","6-02CW106","Decreed","03/6/ACQ-01","25 (7/1 - 8/15); 200 (8/16 - 10/31)",NA,"","","",NA,NA,"Segment_1",5502034,0.839425626841698,0.5,0.925059876465398,1.10689566777749,0.571019473081329,744,6591,12688,13,47,64,0,34,1976,0,6,52,NA,"high","low","moderate",NA,197,58,185,34,132,59,255,219,191
"5800568","BURNETT DITCH","","DITCH","Active Structure with contemporary diversion records (A)","ELK RIVER",40.610695,-106.954856,TRUE,"C1",NA,TRUE,TRUE,NA,"","","","Appropriated","Elk River","Fixed","6-77W1331","Decreed","6-77W1331","65 (1/1-12/31)",10,"Elk River Segment","Partly Confined","Pleistocene Terraces",4.86,1.18,"",5800568,0.929584085752325,0.833333333333333,0.977219167321288,1.03023639362287,0.821278581427905,27,684,5062,16,103,225,NA,NA,NA,NA,NA,NA,"moderate",NA,"low","low",NA,NA,NA,NA,NA,NA,NA,NA,NA,NA
"5800577","CAMPBELL DITCH","","DITCH","Active Structure with contemporary diversion records (A)","ELK RIVER",40.663928,-106.94445,TRUE,"C1",NA,TRUE,TRUE,NA,"","","","Appropriated","Elk River","Fixed","6-77W1331","Decreed","6-77W1331","65 (1/1-12/31)",9,"Elk River Segment","Partly Confined","Pleistocene Terraces",3.04,0.74,"",5800577,0.962627063114797,1,0.987966804979253,1.01469387755102,0.869323447636701,97,601,3954,21,75,215,NA,NA,NA,NA,NA,NA,"minimal",NA,"low","low",NA,NA,NA,NA,NA,NA,NA,NA,NA,NA
"5800588","CLARK & BURKE DITCH","","DITCH","Active Structure with contemporary diversion records (A)","ELK RIVER",40.714825,-106.918501,TRUE,"C1",NA,TRUE,TRUE,NA,"","","","Appropriated","Elk River","Fixed","6-77W1331","Decreed","6-77W1331","65 (1/1-12/31)",9,"Elk River Segment","Partly Confined","Pleistocene Terraces",3.04,0.74,"",5800588,0.960983448603196,1,0.990396659707724,1.0125,0.889252336448598,290,1440,5914,28,111,224,NA,NA,NA,NA,NA,NA,"moderate",NA,"low","low",NA,NA,NA,NA,NA,NA,NA,NA,NA,NA
"5800599","CULLEN DITCH 2","","DITCH","Active Structure with contemporary diversion records (A)","ELK RIVER",40.567274,-106.888942,TRUE,"C1",NA,TRUE,NA,TRUE,"","","","Appropriated","Elk River","Fixed","6-77W1331","Decreed","6-77W1331","65 (1/1-12/31)",11,"Elk River Segment","Confined/Canyon","Bedrock",0.15,0.09,"",5800599,0.944122765024582,0.916666666666667,0.975662913185616,1.02479108635098,0.826679192108971,0,101,3151,0,45,200,NA,NA,NA,NA,NA,NA,"moderate",NA,NA,NA,"low",NA,NA,NA,NA,NA,NA,NA,NA,NA
"5800623","EKHART DITCH","","DITCH","Active Structure with contemporary diversion records (A)","ELK RIVER",40.71188,-106.922264,TRUE,"C1",NA,TRUE,TRUE,NA,"","","","Appropriated","Elk River","Fixed","6-77W1331","Decreed","6-77W1331","65 (1/1-12/31)",9,"Elk River Segment","Partly Confined","Pleistocene Terraces",3.04,0.74,"",5800623,0.957840223308755,1,0.989561586638831,1.01385869565217,0.880841121495327,282,1392,5912,27,110,228,NA,NA,NA,NA,NA,NA,"moderate",NA,"low","low",NA,NA,NA,NA,NA,NA,NA,NA,NA,NA
"5800626","ELK VALLEY DITCH CO. D.","","DITCH","Active Structure with contemporary diversion records (A)","ELK RIVER",40.544318,-106.914866,TRUE,"C1",NA,TRUE,TRUE,NA,"","","","Appropriated","Elk River","Fixed","6-77W1331","Decreed","6-77W1331","65 (1/1-12/31)",12,"Elk River Segment","Partly Confined","Pleistocene Terraces",1.02,0.21,"",5800626,0.948642047746789,0.9,0.964669738863287,1.02513414289749,0.816947565543071,0,16,1062,0,15,107,NA,NA,NA,NA,NA,NA,"moderate",NA,"low","low",NA,NA,NA,NA,NA,NA,NA,NA,NA,NA
"5800662","GRAHAM & BENNETT D","","DITCH","Active Structure with contemporary diversion records (A)","ELK RIVER",40.637309,-106.949791,TRUE,"C1",NA,TRUE,TRUE,NA,"","","","Appropriated","Elk River","Fixed","6-77W1331","Decreed","6-77W1331","65 (1/1-12/31)",10,"Elk River Segment","Partly Confined","Pleistocene Terraces",4.86,1.18,"",5800662,0.940117298343857,0.916666666666667,0.982572614107884,1.02367346938775,0.836422613531047,157,908,5221,26,104,227,NA,NA,NA,NA,NA,NA,"moderate",NA,"low","low",NA,NA,NA,NA,NA,NA,NA,NA,NA,NA
"5800714","KELLER DITCH","","DITCH","Active Structure with contemporary diversion records (A)","ELK RIVER",40.652052,-106.945714,TRUE,"C1",NA,TRUE,TRUE,NA,"","","","Appropriated","Elk River","Fixed","6-77W1331","Decreed","6-77W1331","65 (1/1-12/31)",10,"Elk River Segment","Partly Confined","Pleistocene Terraces",4.86,1.18,"",5800714,0.948472686223567,0.916666666666667,0.984232365145228,1.02095238095238,0.868396663577386,121,754,4720,24,91,225,NA,NA,NA,NA,NA,NA,"moderate",NA,"low","low",NA,NA,NA,NA,NA,NA,NA,NA,NA,NA
"5800728","LARSEN DITCH","","DITCH","Active Structure with contemporary diversion records (A)","ELK RIVER",40.512683,-106.954024,TRUE,"C1",NA,TRUE,TRUE,NA,"","","","Appropriated","Elk River","Fixed","6-77W1331","Decreed","6-77W1331","65 (1/1-12/31)",13,"Elk River Segment","Unconfined","Bedrock/Alluvial Fans",3.07,1.41,"",5800728,0.948311182131752,0.888888888888889,0.97881456796001,1.0224026883226,0.770967741935484,0,4,963,0,6,87,NA,NA,NA,NA,NA,NA,"moderate",NA,"low","low",NA,NA,NA,NA,NA,NA,NA,NA,NA,NA
"5800783","MORIN DITCH","","DITCH","Active Structure with contemporary diversion records (A)","ELK RIVER",40.525669,-106.939787,TRUE,"C1",NA,TRUE,TRUE,NA,"","","","Appropriated","Elk River","Fixed","6-77W1331","Decreed","6-77W1331","65 (1/1-12/31)",13,"Elk River Segment","Unconfined","Bedrock/Alluvial Fans",3.07,1.41,"",5800783,0.941849907525989,0.8,0.964669738863287,1.02682857949732,0.773876404494382,0,18,1658,0,13,130,NA,NA,NA,NA,NA,NA,"moderate",NA,"low","low",NA,NA,NA,NA,NA,NA,NA,NA,NA,NA
"5800908","TRULL MORIN DITCH","INTERCONNECTING STREAM CHANNEL","DITCH","Active Structure with contemporary diversion records (A)","ELK RIVER",40.536064,-106.928539,TRUE,"C1",NA,TRUE,TRUE,NA,"","","","Appropriated","Elk River","Fixed","6-77W1331","Decreed","6-77W1331","65 (1/1-12/31)",13,"Elk River Segment","Unconfined","Bedrock/Alluvial Fans",3.07,1.41,"",5800908,0.9485095444562,0.9,0.964669738863287,1.02485173679751,0.798689138576779,0,14,1064,0,12,107,NA,NA,NA,NA,NA,NA,"moderate",NA,"low","low",NA,NA,NA,NA,NA,NA,NA,NA,NA,NA
"5800928","WHEELER BROS DITCH","","DITCH","Active Structure with contemporary diversion records (A)","ELK RIVER",40.718453,-106.908294,TRUE,"C1",NA,TRUE,TRUE,NA,"","","","Appropriated","Elk River","Fixed","6-77W1331","Decreed","6-77W1331","65 (1/1-12/31)",9,"Elk River Segment","Partly Confined","Pleistocene Terraces",3.04,0.74,"",5800928,0.969686766406119,1.09090909090909,0.993693693693694,1.00869328986688,0.929137529137529,544,2501,7275,120,182,236,NA,NA,NA,NA,NA,NA,"minimal",NA,"low","low",NA,NA,NA,NA,NA,NA,NA,NA,NA,NA
"5800940","WITHER DITCH","","DITCH","Active Structure with contemporary diversion records (A)","ELK RIVER",40.551241,-106.896002,TRUE,"C1",NA,TRUE,TRUE,NA,"","","","Appropriated","Elk River","Fixed","6-77W1331","Decreed","6-77W1331","65 (1/1-12/31)",12,"Elk River Segment","Partly Confined","Pleistocene Terraces",1.02,0.21,"",5800940,0.953915068263433,1,0.964669738863287,1.0220276757978,0.824438202247191,0,26,825,0,16,88,NA,NA,NA,NA,NA,NA,"moderate",NA,"low","low",NA,NA,NA,NA,NA,NA,NA,NA,NA,NA
"5801021","LEE IRRIGATION D","","DITCH","Active Structure with contemporary diversion records (A)","ELK RIVER",40.56106,-106.891047,TRUE,"C1",NA,TRUE,NA,TRUE,"","","","Appropriated","Elk River","Fixed","6-77W1331","Decreed","6-77W1331","65 (1/1-12/31)",12,"Elk River Segment","Partly Confined","Pleistocene Terraces",1.02,0.21,"",5801021,0.942416850935783,0.916666666666667,0.973483472575372,1.02618384401114,0.803663691874119,0,117,3190,0,45,202,NA,NA,NA,NA,NA,NA,"moderate",NA,NA,NA,"low",NA,NA,NA,NA,NA,NA,NA,NA,NA
"5801428","THOMPSON SEEPAGE & WASTEWATER DITCH","","DITCH","Active Structure with contemporary diversion records (A)","ELK RIVER",40.487982,-106.970474,TRUE,"C1",NA,TRUE,TRUE,NA,"","","","Appropriated","Elk River","Fixed","6-77W1331","Decreed","6-77W1331","65 (1/1-12/31)",13,"Elk River Segment","Unconfined","Bedrock/Alluvial Fans",3.07,1.41,"",5801428,0.946864830338957,0.888888888888889,0.978338490835515,1.0232427891347,0.807834101382489,0,4,985,0,7,88,NA,NA,NA,NA,NA,NA,"moderate",NA,"low","low",NA,NA,NA,NA,NA,NA,NA,NA,NA,NA
"5801919","STEAMBOAT SPRINGS ELK RIVER DIVERSION","","DITCH","Non-existent structure with no contemporary or historical record (N)","ELK RIVER",40.545764,-106.908058,TRUE,"C1",NA,TRUE,TRUE,NA,"","","","Appropriated","Elk River","Fixed","6-77W1331","Decreed","6-77W1331","65 (1/1-12/31)",12,"Elk River Segment","Partly Confined","Pleistocene Terraces",1.02,0.21,"",5801919,0.955164872336311,1,0.964669738863287,1.02146286359785,0.809456928838951,0,24,792,0,15,87,NA,NA,NA,NA,NA,NA,"moderate",NA,"low","low",NA,NA,NA,NA,NA,NA,NA,NA,NA,NA
"5800583_D","","","DITCH","","ELK RIVER",40.499579,-106.965574,TRUE,"C1",NA,TRUE,TRUE,NA,"","","","Appropriated","Elk River","Fixed","6-77W1331","Decreed","6-77W1331","65 (1/1-12/31)",13,"Elk River Segment","Unconfined","Bedrock/Alluvial Fans",3.07,1.41,"",NA,0.947274836511058,0.888888888888889,0.978576529397762,1.02296275553066,0.790322580645161,0,4,991,0,6,88,NA,NA,NA,NA,NA,NA,"moderate",NA,"low","low",NA,NA,NA,NA,NA,NA,NA,NA,NA,NA
"5800915_D","","","DITCH","","ELK RIVER",40.655614,-106.943196,TRUE,"C1",NA,TRUE,TRUE,NA,"","","","Appropriated","Elk River","Fixed","6-77W1331","Decreed","6-77W1331","65 (1/1-12/31)",10,"Elk River Segment","Partly Confined","Pleistocene Terraces",4.86,1.18,"",NA,0.959261496731173,1,0.987551867219917,1.01659863945578,0.873957367933272,96,605,3996,21,76,218,NA,NA,NA,NA,NA,NA,"minimal",NA,"low","low",NA,NA,NA,NA,NA,NA,NA,NA,NA,NA
"4400500","LILY PARK DITCH NO 1","DRILL PASTURE","DITCH","Active Structure with contemporary diversion records (A)","YAMPA RIVER",40.452955,-108.383737,TRUE,"W1",TRUE,NA,TRUE,NA,"Cross Mountain Gorge","Cross Mountain East","Little Snake River","Acquired","Yampa River","Fixed","6-02CW106","Decreed","03/6/ACQ-01","25 (7/1 - 8/15); 200 (8/16 - 10/31)",36,"Yampa Lower Segment","Partly Confined","Bedrock/Alluvial Fans",2.09,0.72,"Segment_1",4400500,0.867853885816554,0.571428571428571,0.906228610540726,1.07619291944587,0.726003490401396,1892,7797,13223,22,51,66,0,206,2313,0,12,63,NA,"high","low","moderate",NA,20,49,35,66,66,103,69,101,169
"4400687","LILY PARK DITCH NO 1 PUMP STATION NO 1","WHITE BEAR","PUMP","Active Structure with contemporary diversion records (A)","YAMPA RIVER",40.451505,-108.452469,TRUE,"W1",TRUE,NA,TRUE,NA,"Cross Mountain Gorge","Cross Mountain East","Little Snake River","Acquired","Yampa River","Fixed","6-02CW106","Decreed","03/6/ACQ-01","25 (7/1 - 8/15); 200 (8/16 - 10/31)",NA,"","","",NA,NA,"Segment_1",4400687,0.866239750640988,0.571428571428571,0.905800821355236,1.07721908671113,0.731239092495637,2149,8388,13664,24,51,66,0,345,3037,0,15,64,NA,"high","low","moderate",NA,20,47,35,66,66,103,67,101,169
"4400819","LILY PARK DITCH NO. 1 PUMP STATION NO 2","","PUMP","Active Structure with contemporary diversion records (A)","YAMPA RIVER",40.461799,-108.427102,TRUE,"W1",TRUE,NA,TRUE,NA,"Cross Mountain Gorge","Cross Mountain East","Little Snake River","Acquired","Yampa River","Fixed","6-02CW106","Decreed","03/6/ACQ-01","25 (7/1 - 8/15); 200 (8/16 - 10/31)",36,"Yampa Lower Segment","Partly Confined","Bedrock/Alluvial Fans",2.09,0.72,"Segment_1",4400819,0.8683830146794,0.714285714285714,0.906485284052019,1.07593637762955,0.739965095986038,1849,7674,12991,22,51,66,0,186,2138,0,12,63,NA,"high","low","moderate",NA,20,49,35,66,66,103,69,101,169
"4400517","YAMPA VAL STOCK BR CO D","","DITCH","Active Structure with contemporary diversion records (A)","YAMPA RIVER",40.482362,-107.610937,TRUE,"W1",TRUE,NA,TRUE,NA,"Little Yampa Canyon","CO 13","Maybell","Acquired","Yampa River","Fixed","6-02CW106","Decreed","03/6/ACQ-01","25 (7/1 - 8/15); 200 (8/16 - 10/31)",24,"Yampa Lower Segment","Confined/Canyon","Bedrock",0.64,0.54,"Segment_13",4400517,0.88937394811184,1,0.948679885484042,1.06115417743325,0.672727272727273,1069,5588,11541,21,55,75,14272,47973,85445,31,155,183,NA,"high","low","moderate",NA,10,201,14,177,27,132,211,191,159
"4400522","CRAIG STATION D & PL #1","","PUMP","Active Structure with contemporary diversion records (A)","YAMPA RIVER",40.480083,-107.613326,TRUE,"W1",TRUE,NA,TRUE,NA,"Little Yampa Canyon","CO 13","Maybell","Acquired","Yampa River","Fixed","6-02CW106","Decreed","03/6/ACQ-01","25 (7/1 - 8/15); 200 (8/16 - 10/31)",24,"Yampa Lower Segment","Confined/Canyon","Bedrock",0.64,0.54,"Segment_13",4400522,0.877122148081961,0.714285714285714,0.946877319478316,1.06345104794717,0.658288770053476,2029,7811,14355,29,62,76,15795,53844,92114,49,168,183,NA,"high","low","moderate",NA,10,201,15,176,27,132,211,191,159
"4400527","AIR LINE IRR D","","DITCH","Historical structure only - no longer exists or has records, but has historical data (H)","YAMPA RIVER",40.454867,-107.6479,TRUE,"W1",TRUE,NA,TRUE,NA,"Little Yampa Canyon","CO 13","Maybell","Acquired","Yampa River","Fixed","6-02CW106","Decreed","03/6/ACQ-01","25 (7/1 - 8/15); 200 (8/16 - 10/31)",25,"Yampa Lower Segment","Partly Confined","Bedrock/Alluvial Fans",3,1.99,"Segment_13",4400527,0.876404272288602,0.714285714285714,0.938965693804404,1.06309696092619,0.658355437665782,1868,7561,13973,26,56,76,14616,50448,90940,39,170,183,NA,"high","low","moderate",NA,10,203,14,179,24,135,213,193,159
"4400541","BAILEY DITCH","","DITCH","Active Structure with contemporary diversion records (A)","YAMPA RIVER",40.472935,-107.96558,TRUE,"W1",TRUE,NA,TRUE,NA,"Little Yampa Canyon","CO 13","Maybell","Acquired","Yampa River","Fixed","6-02CW106","Decreed","03/6/ACQ-01","25 (7/1 - 8/15); 200 (8/16 - 10/31)",29,"Yampa Lower Segment","Partly Confined","Bedrock/Fans/Terraces",7.66,5.58,"Segment_13",4400541,0.87672071993721,0.625,0.925379535123081,1.07305194805195,0.721631205673759,386,4154,9018,12,48,61,12928,36521,76430,21,90,182,NA,"high","low","moderate",NA,10,200,11,188,15,144,210,199,159
"4400613","ELLGEN DITCH","","PUMP","Active Structure with contemporary diversion records (A)","YAMPA RIVER",40.417028,-107.694569,TRUE,"W1",TRUE,NA,TRUE,NA,"Little Yampa Canyon","CO 13","Maybell","Acquired","Yampa River","Fixed","6-02CW106","Decreed","03/6/ACQ-01","25 (7/1 - 8/15); 200 (8/16 - 10/31)",27,"Yampa Lower Segment","Partly Confined","Bedrock/Alluvial Fans",1.18,0.53,"Segment_13",4400613,0.880361688402574,0.714285714285714,0.945056899004267,1.06925583921782,0.722157092614302,395,4309,9603,12,51,64,12908,37338,78394,21,97,182,NA,"high","low","moderate",NA,10,203,11,188,15,144,213,199,159
"4400675","JUNIPER MTN TUNNEL","","DITCH","Active Structure with contemporary diversion records (A)","YAMPA RIVER",40.42963,-107.858324,TRUE,"W1",TRUE,NA,TRUE,NA,"Little Yampa Canyon","CO 13","Maybell","Acquired","Yampa River","Fixed","6-02CW106","Decreed","03/6/ACQ-01","25 (7/1 - 8/15); 200 (8/16 - 10/31)",28,"Yampa Lower Segment","Confined/Canyon","Bedrock",2.44,1.86,"Segment_13",4400675,0.876760329916686,0.625,0.925379535123081,1.07305194805195,0.726359338061466,279,3694,8952,12,48,61,12731,35867,75972,21,85,181,NA,"high","low","moderate",NA,10,200,11,188,15,144,210,199,159
"4400677","K DIAMOND DITCH","","DITCH","Active Structure with contemporary diversion records (A)","YAMPA RIVER",40.44115,-107.916001,TRUE,"W1",TRUE,NA,TRUE,NA,"Little Yampa Canyon","CO 13","Maybell","Acquired","Yampa River","Fixed","6-02CW106","Decreed","03/6/ACQ-01","25 (7/1 - 8/15); 200 (8/16 - 10/31)",29,"Yampa Lower Segment","Partly Confined","Bedrock/Fans/Terraces",7.66,5.58,"Segment_13",4400677,0.877404637898054,0.625,0.925979929668068,1.07251082251082,0.734633569739953,348,4057,9019,12,49,61,12724,36370,76273,21,89,182,NA,"high","low","moderate",NA,10,200,11,188,15,147,210,199,162
"4400694","MAYBELL CANAL","","DITCH","Active Structure with contemporary diversion records (A)","YAMPA RIVER",40.473052,-107.991804,TRUE,"W1",TRUE,NA,NA,TRUE,"Little Yampa Canyon","CO 13","Maybell","Acquired","Yampa River","Fixed","6-02CW106","Decreed","03/6/ACQ-01","25 (7/1 - 8/15); 200 (8/16 - 10/31)",30,"Yampa Lower Segment","Confined/Canyon","Bedrock",0.12,0.09,"Segment_13",4400694,0.863256691685542,0.571428571428571,0.907644946126219,1.07652799178223,0.707415990730012,2719,9675,16116,25,55,69,14021,45914,91608,39,124,183,NA,"high",NA,NA,"moderate",10,205,14,185,15,144,215,199,159
"4400729","PATRICK SWEENEY D","","DITCH","Active Structure with contemporary diversion records (A)","YAMPA RIVER",40.4522,-107.918236,TRUE,"W1",TRUE,NA,TRUE,NA,"Little Yampa Canyon","CO 13","Maybell","Acquired","Yampa River","Fixed","6-02CW106","Decreed","03/6/ACQ-01","25 (7/1 - 8/15); 200 (8/16 - 10/31)",29,"Yampa Lower Segment","Partly Confined","Bedrock/Fans/Terraces",7.66,5.58,"Segment_13",4400729,0.875771372059551,0.625,0.925122223175229,1.07359307359307,0.729905437352246,474,4462,9347,12,49,61,13105,37106,77264,22,91,182,NA,"high","low","moderate",NA,10,200,11,188,15,144,210,199,159
"4400749","ROUND BOTTOM D NO 1","","DITCH","Active Structure with contemporary diversion records (A)","YAMPA RIVER",40.40595,-107.687187,TRUE,"W1",TRUE,NA,TRUE,NA,"Little Yampa Canyon","CO 13","Maybell","Acquired","Yampa River","Fixed","6-02CW106","Decreed","03/6/ACQ-01","25 (7/1 - 8/15); 200 (8/16 - 10/31)",26,"Yampa Lower Segment","Confined/Canyon","Bedrock/Terraces",1.29,0.55,"Segment_13",4400749,0.881005379433766,0.714285714285714,0.945323613086771,1.06871265616513,0.700468933177022,376,4184,9473,12,51,64,12807,37046,77947,21,97,182,NA,"high","low","moderate",NA,10,203,11,188,15,147,213,199,162
"4400750","ROUND BOTTOM D NO 2","","DITCH","Active Structure with contemporary diversion records (A)","YAMPA RIVER",40.40468,-107.681763,TRUE,"W1",TRUE,NA,TRUE,NA,"Little Yampa Canyon","CO 13","Maybell","Acquired","Yampa River","Fixed","6-02CW106","Decreed","03/6/ACQ-01","25 (7/1 - 8/15); 200 (8/16 - 10/31)",26,"Yampa Lower Segment","Confined/Canyon","Bedrock/Terraces",1.29,0.55,"Segment_13",4400750,0.880231551109395,0.714285714285714,0.9449679943101,1.06925583921782,0.708675263774912,415,4357,9675,12,51,64,12896,37368,78490,21,97,182,NA,"high","low","moderate",NA,10,203,11,188,15,147,213,199,162
"4400751","ROUND BOTTOM DITCH","","DITCH","Active Structure with contemporary diversion records (A)","YAMPA RIVER",40.413001,-107.693053,TRUE,"W1",TRUE,NA,TRUE,NA,"Little Yampa Canyon","CO 13","Maybell","Acquired","Yampa River","Fixed","6-02CW106","Decreed","03/6/ACQ-01","25 (7/1 - 8/15); 200 (8/16 - 10/31)",26,"Yampa Lower Segment","Confined/Canyon","Bedrock/Terraces",1.29,0.55,"Segment_13",4400751,0.880705741647381,0.714285714285714,0.945234708392603,1.06898424769147,0.720398593200469,394,4277,9578,12,51,64,12846,37217,78223,21,97,182,NA,"high","low","moderate",NA,10,203,11,188,15,147,213,199,162
"4400806","ELLGEN NO 2 DITCH","","DITCH","Active Structure with contemporary diversion records (A)","YAMPA RIVER",40.423087,-107.712031,TRUE,"W1",TRUE,NA,TRUE,NA,"Little Yampa Canyon","CO 13","Maybell","Acquired","Yampa River","Fixed","6-02CW106","Decreed","03/6/ACQ-01","25 (7/1 - 8/15); 200 (8/16 - 10/31)",27,"Yampa Lower Segment","Partly Confined","Bedrock/Alluvial Fans",1.18,0.53,"Segment_13",4400806,0.880425813220672,0.714285714285714,0.945056899004267,1.06925583921782,0.703985932004689,384,4256,9527,12,51,64,12887,37243,78234,21,97,182,NA,"high","low","moderate",NA,10,203,11,188,15,144,213,199,159
"4400820","LOWRY SEELEY PUMP","","PUMP","Active Structure with contemporary diversion records (A)","YAMPA RIVER",40.428943,-107.87515,TRUE,"W1",TRUE,NA,TRUE,NA,"Little Yampa Canyon","CO 13","Maybell","Acquired","Yampa River","Fixed","6-02CW106","Decreed","03/6/ACQ-01","25 (7/1 - 8/15); 200 (8/16 - 10/31)",29,"Yampa Lower Segment","Partly Confined","Bedrock/Fans/Terraces",7.66,5.58,"Segment_13",4400820,0.8759637172588,0.625,0.925036452525946,1.07332251082251,0.74468085106383,346,3887,9051,12,49,61,12912,36265,76480,21,89,182,NA,"high","low","moderate",NA,10,200,11,188,15,144,210,199,159
"4400830","OLD SWEENEY DITCH","","DITCH","Active Structure with contemporary diversion records (A)","YAMPA RIVER",40.444036,-107.927278,TRUE,"W1",TRUE,NA,TRUE,NA,"Little Yampa Canyon","CO 13","Maybell","Acquired","Yampa River","Fixed","6-02CW106","Decreed","03/6/ACQ-01","25 (7/1 - 8/15); 200 (8/16 - 10/31)",29,"Yampa Lower Segment","Partly Confined","Bedrock/Fans/Terraces",7.66,5.58,"Segment_13",4400830,0.87512243573819,0.625,0.925036452525946,1.0741341991342,0.729314420803782,505,4583,9359,14,49,61,13285,37437,77615,23,91,182,NA,"high","low","moderate",NA,10,200,11,186,15,144,210,197,159
"4402214","WISE DITCH ALT PT","","DITCH","Active Structure with contemporary diversion records (A)","YAMPA RIVER",40.452051,-107.941516,TRUE,"W1",TRUE,NA,TRUE,NA,"Little Yampa Canyon","CO 13","Maybell","Acquired","Yampa River","Fixed","6-02CW106","Decreed","03/6/ACQ-01","25 (7/1 - 8/15); 200 (8/16 - 10/31)",29,"Yampa Lower Segment","Partly Confined","Bedrock/Fans/Terraces",7.66,5.58,"Segment_13",4402214,0.87670215275933,0.625,0.925722617720216,1.07305194805195,0.706855791962175,395,4190,9064,12,48,61,12935,36646,76606,22,91,182,NA,"high","low","moderate",NA,10,200,11,188,15,144,210,199,159
